{
  "pipeline_id": "pipeline_1753295308888",
  "video_script": "Beehiiv je platforma navržená pro podporu růstu newsletterů a digitálního obsahu s řadou nástrojů pro tvorbu, zapojení a monetizaci. Soustředí se na to, aby pomohla vydavatelům efektivně škálovat své projekty s robustními a flexibilními funkcemi.\n\n**Klíčové funkce a výhody:**\n\n1. **Komplexní řešení pro růst:** Beehiiv umožňuje uživatelům plně ovládat a řídit své digitální projekty od jejich spuštění až po monetizaci, což zajišťuje plynulý růst a úspěch.\n\n2. **Flexibilní plány:** Ať už začínáte, nebo hledáte pokročilé možnosti, Beehiiv nabízí flexibilní plány, které se přizpůsobí potřebám každého uživatele. Plány zahrnují základní nástroje i pokročilé funkce pro efektivní správu obsahu.\n\n3. **Základní a pokročilý plán:** Základní plán (Launch) nabízí nástroje pro tvorbu webových stránek, newsletterů, segmentaci publika a další. Pokročilý plán (Scale) rozšiřuje možnosti o nové funkce jako je webový builder, reklamní síť, placené odběry a mnoho dalších.\n\n4. **Optimalizovaná doručitelnost:** Systém je navržen tak, aby zajistil, že vaše emaily dorazí k cílovému publiku efektivně a spolehlivě.\n\n5. **Intuitivní uživatelské rozhraní:** Beehiiv je snadno ovladatelný a uživatelsky přívětivý, což umožňuje soustředit se na tvorbu kvalitního obsahu bez složitého učení.\n\n6. **Silná komunita a podpora:** Přístup do Slack komunity a kvalitní zákaznická podpora zajišťují, že uživatelé mají vždy potřebnou pomoc a podporu.\n\nBeehiiv je ideální volbou pro vydavatele, kteří hledají způsob, jak efektivně řídit a monetizovat svůj digitální obsah, a to vše s podporou odborného týmu a pozitivními zkušenostmi zákazníků.",
  "timeline": {
    "segments": [
      {
        "id": "segment_1",
        "text": "Beehiiv je platforma navržená pro podporu růstu ne",
        "startTime": 0,
        "endTime": 10,
        "duration": 10,
        "wordCount": 218,
        "timing_cue": "Clear delivery",
        "visual_cue": "Professional presentation"
      }
    ],
    "metadata": {
      "totalDuration": 10,
      "totalWords": 218,
      "averageWordsPerSecond": 21.8,
      "segments_count": 1,
      "optimization": "Fallback timeline due to parsing error"
    }
  },
  "voice_direction": "Here are voice direction instructions for the provided segment to ensure optimal intonation, emphasis, and pacing for ElevenLabs voice synthesis:\n\n### Segment 1 Instructions:\n\n**Text:** \"Beehiiv je platforma navržená pro podporu růstu newsletterů a digitálního obsahu s řadou nástrojů pro tvorbu, zapojení a monetizaci. Soustředí se na to, aby pomohla vydavatelům efektivně škálovat své projekty s robustními a flexibilními funkcemi.\"\n\n**Start Time:** 0  \n**End Time:** 10  \n**Duration:** 10 seconds  \n\n**Voice Directions:**\n\n1. **Intonation:**\n   - Begin with a welcoming and enthusiastic tone, reflecting excitement about the platform. \n   - Slightly raise the pitch when mentioning \"Beehiiv\" to draw attention to the platform name.\n\n2. **Emphasis:**\n   - Emphasize key phrases such as \"podporu růstu newsletterů,\" \"digitálního obsahu,\" and \"nástrojů pro tvorbu, zapojení a monetizaci.\"\n   - Stress the words \"efektivně škálovat\" and \"robustními a flexibilními funkcemi\" to highlight the platform's capabilities.\n\n3. **Pacing:**\n   - Maintain a steady and clear pace to ensure comprehension, but slightly quicken the pace on the list of features (\"tvorbu, zapojení a monetizaci\") to convey a sense of completeness and efficiency.\n   - Allow for a slight pause after \"Beehiiv je platforma navržená\" to give the listener a moment to process the introduction.\n\n4. **Timing Cue:**\n   - Ensure that the delivery fits within the 10-second timeframe, adjusting the pacing as needed to maintain clarity without rushing.\n\n5. **Visual Cue:**\n   - Imagine a professional presentation setting where clarity and",
  "avatar_behavior": "engagement are key. Picture yourself speaking to an audience that is eager to learn about a new and innovative platform.\n\n### Segment 1 Voice Directions Recap:\n\n- **Intonation:** Start with a welcoming and enthusiastic tone, with a slight pitch increase on \"Beehiiv.\"\n- **Emphasis:** Highlight key phrases and capabilities of the platform.\n- **Pacing:** Maintain a steady pace with a slight quickening on the list of features, and include a brief pause after introducing the platform.\n- **Timing:** Ensure delivery within 10 seconds.\n- **Visual Cue:** Imagine presenting to an engaged audience in a professional setting.",
  "background_selection": "Beehiiv je platforma zaměřená na růst a monetizaci newsletterů a digitálního obsahu. Nabízí robustní a flexibilní nástroje, které pomáhají vydavatelům efektivně škálovat jejich projekty.\n\n### Klíčové funkce a výhody:\n\n1. **Komplexní růstové řešení:** Umožňuje uživatelům řídit digitální projekty od spuštění až po monetizaci, což podporuje plynulý růst.\n\n2. **Flexibilní plány:** Nabízí plány přizpůsobené různým potřebám, od základních nástrojů po pokročilé funkce.\n\n3. **Základní a pokročilý plán:** \n   - **Launch plán:** Obsahuje nástroje pro tvorbu webů, newsletterů a segmentaci publika.\n   - **Scale plán:** Přidává funkce jako webový builder, reklamní síť a placené odběry.\n\n4. **Optimalizovaná doručitelnost:** Zajišťuje spolehlivé doručení emailů k cílovému publiku.\n\n5. **Intuitivní rozhraní:** Snadno ovladatelné a uživatelsky přívětivé, umožňuje soustředit se na tvorbu obsahu.\n\n6. **Komunita a",
  "music_selection": "spolupráci a umožňuje neomezený počet publikací.\n\n3. **Optimalizovaná doručitelnost:** Beehiiv se stará o to, aby vaše emaily dosáhly svého cílového publika rychle a spolehlivě, minimalizujíc šanci, že skončí ve spamu.\n\n4. **Uživatelsky přívětivé rozhraní:** Platforma je navržena tak, aby byla snadno použitelná, což umožňuje uživatelům plně se soustředit na tvorbu obsahu místo na technické detaily.\n\n5. **Podpora a komunita:** Členové Beehiiv mají přístup do aktivní Slack komunity a tým zákaznické podpory je vždy připraven pomoci, což zajišťuje, že uživatelé nikdy nezůstanou na své problémy sami.\n\nBeehiiv je ideálním partnerem pro každého, kdo chce posunout svůj digitální obsah na další úroveň a dosáhnout úspěchu v oblasti digitálního vydavatelství. S flexibilními plány a širokou škálou funkcí je Beehiiv navržen tak, aby vyhovoval potřebám jak začátečníků, tak pokročilých uživatelů, kteří chtějí růst a monetizovat své projekty.",
  "created_at": "2025-07-23T18:29:42.925Z",
  "manual_heygen_workflow": true
}